File Name,Transcription,Summary,Execution Time (ms)
C29069515_คนึงขวัญ วิชชุตเวส_03.wav,"สวัสดีค่ะพี่ครับผมขออนุญาตนะครับเป็นสาย 1 วันนะครับครับผมเจ้าหน้าที่จากทาง SMS และสมาชิกจะได้แก่สมัครโครงการใหม่นะครับผมตัวนี้มันจะแห้งเรียบร้อยดีนะครับแต่ก็จะมีตัวคะแนนความพึงพอใจการให้บริการของพหุนามอย่างเช่นเรื่องของตัวมารยาทการแจ้งเตือนโครงการนะครับก็คือจะมี 1 ถึง 5 คะแนนนะครับจะได้กำไรสูงสุดส่วนหนึ่งนะครับจะน้อยที่สุดตรงนี้คนกันเองสามารถระบุให้ทางเจ้าหน้าที่ปาณิสราเหมือนของเขาได้กี่คะแนนครับขอบพระคุณเป็นอย่างสูงครับแล้วก็นัดมาตรวจสอบด้วยนะครับผมจุดไหนต้องทำยังไงให้ตัวนิ่มอันนี้ติดต่อสอบถามได้ครับผมแล้วก็ตัวนี้นะครับผมกำลังประกอบสัญญาหรือว่าต้องสัญญาก่อนกรมธรรม์ที่จะปิดโครงการได้หรือว่า 2 สามารถทำได้ครับผมจะเข้าเงื่อนไขตัวเป็นคืนนะทำได้แน่นอนเมื่อมีการชำระด้วยการออมในขนส่งป้ายแต่ลูกค้าเองจะขาดทุนและคืนก็ไปไม่ครบไม่คุ้มครับผมกำลังออกมานะแต่ว่าได้รับตัวเงินเนี่ยตามมูลค่า
ระบบให้กับฉันนั้นซึ่งลูกค้าต้องการจะเป็นคืนซึ่งเราเองก็มีตารางนะครับแม่ให้ลูกค้าทราบว่าตัวนี้เป็นตัวเงินชัดเจนทั้งหมดนะครับหากลงตรงไหนตัวเงินประมาณนี้นะครับวงกลมมากมายโทรสอบถามได้นะเพราะว่าตังค์ออกค่าเน็ตจะไม่เหมือนกันนะแต่เนื่องด้วยของตัวแผนการออมด้วยนะครับผมอันนี้ไม่รบกวนแล้วนะครับสวัสดีครับครับผม","```markdown
**Non-Compliant Conversations:**

1. ""แต่ลูกค้าเองจะขาดทุนและคืนก็ไปไม่ครบไม่คุ้มครับผมกำลังออกมานะแต่ว่าได้รับตัวเงินเนี่ยตามมูลค่า""  
   This statement is ambiguous regarding the customer's potential losses and the exact return value, which could lead to a misunderstanding of the insurance product's nature.

2. ""เนื่องด้วยของตัวแผนการออมด้วยนะครับผม""  
   This part mentions ""แผนการออม"" without clearly specifying it as a ""life insurance saving,"" which may cause the customer to confuse it with a regular deposit or saving account.
```",46700
C29148991_ศิริเพ็ญ เสือโภชน์_01.wav,"สวัสดีค่ะสวัสดีค่ะเรียนสายที่ 4 แผ่นค่ะ
จะพิสูจน์เพชรค่ะน้องติดต่อจาก SCB สำนักงานใหญ่นะคะวันนี้น้องได้รับมอบหมายจากทางผู้บริหารนะคะพี่ให้โทรเข้ามาเรียนแจ้งโครงการคืนกำไรอ่ะจ้ะเดี๋ยวน้องรบกวนเวลาไม่เกิน 2 นาทีพี่เพ็ญคะเพราะว่าดูจากข้อมูลอะไรนะพี่ได้ค่ะขอบพระคุณมากนะคะลองดูจากข้อมูลอ่ะตัวพี่สิเห็นเป็นลูกค้าของไทยพาณิชย์มา 20 ปีแล้วน้องคนที่ทำได้ไหมจ๊ะนานมากยังไงต้องกราบขอบพระคุณเป็นอย่างสูงเลยนะคะปัจจุบันพี่ศิริเพ็ญอายุ 55 ปีถูกต้องเป็นที่ตั้งตอนนี้มีสุขภาพร่างกายที่แข็งแรงดีนะคะคุณพี่จ๋าอยากดูสาวๆยังดูสดใสมากเลยพี่หนูเลยต้องถามอายุให้แน่ใจก่อนว่าข้อมูลตรงหรือเปล่าพี่จะเทในส่งตอนนี้คุณพี่เป็นพนักงานบริษัทหรือว่าเป็นธุรกิจส่วนตัวแต่พี่ตอนนี้ตอนนี้เป็นพนักงานบริษัทอยู่จ้าเป็นพนักงานบริษัทใช่ไหมพี่รายได้ของปีที่แล้วเสียภาษีเยอะไหมจ๊ะพี่เพ็ญ
ก็ไม่เยอะนะคะแล้วเราตอนนี้ไม่ได้ใช้ได้ส่งบัตรเครดิตไหมจ๊ะ
ก็ยังขายอยู่อ่ะค่ะคือ 1 เลยนะตอนนี้โครงการทางไทยพาณิชย์อ่ะค่ะเขาได้มีการฉลองครบรอบ 125 ปีที่ 4 เลนแล้วขอคืนกำไรในกลุ่มลูกค้านะคะซึ่งเป็นโครงการตัวนี้เขากำลังตีผลตอบแทนสูงถึงปีละ 5% ด้วยกันเลยพี่เคนตอนนี้ดอกเบี้ยแบงค์อ่ะทุกธนาคารได้แค่ 0.25 ถูกต้องไหมพี่ปีนึงไม่เกินไม่ถึง 80 บาทดอกเบี้ยแพงอ่ะแต่แบบนี้เขากำลังตีให้เลยเดี๋ยวลองยกตัวอย่างนะตอนนี้จะเป็นการเก็บเงินฝากประจำแต่ว่าเหรดมีหลายเรทให้เราเลือกเลยพี่ซีเมนต์เดี๋ยวน้องหยกก็อยากไปเลทยอดนิยมนะคะคือหนึ่งไม่มีความเสี่ยงไม่ต้องใช้กันก่อนเขาก็เก็บกันเดือนละ 3,000 คิดเห็นที่ 302 4052 เราจะมีเงินเก็บให้เป็น 380 เพ็ญจ๋าชื่อ 38000 ฝากแบงค์อ่ะลองพูดตามตรงเลยนะดอกเบี้ยไม่ถึง 70 บาทแต่พอที่ 11 มาเก็บในรูปแบบนี้ทุกปีเขากำลังตีเป็นเช็คให้เลยพี่อยู่ที่ปีละ 4000 ได้ทุกปีตั้งแต่ปีแรกปีเดียวฟังแล้วงงไหมคะพี่
ไม่งงค่ะไม่มีรายเดือน 1 ปีก็ได้เปรียบเสมือนดอกเบี้ยค่ะแต่ถ้าแบงค์ปกติโครงการปกติที่เราเก็บได้แบงค์อ่ะถ้าเราเก็บเงินก้อนนี้เดือนละ 30 40 ปีละ 30,000 บาทดอกเบี้ยเราจะได้ไม่ถึง 70 บาทอันนี้คือความต่างและตรงนี้ขาดทางผู้ใหญ่ผู้บริหารรายชื่อเฉพาะลูกค้าเก่าที่เป็นลูกค้าไทยพาณิชย์มามากกว่า 20 ปีเพื่อคืนกำไรโควต้าแค่ 2,000 เองจากทั่วประเทศอื่นๆน้องก็อยากเรียนเชิญเก็บ 3240 ได้คืนปีละ 4,000 74157 ขึ้นปีละ 5,000 บาทเขาฝากแบงค์ปีแสงดอกเบี้ยไม่ถึง 200 เลยแต่พี่จะเก็บในรูปแบบและคือมันไม่ต้องใช้ไม่ต้องใช้เงินก่อนไม่มีความเสี่ยงแต่อย่างใดแล้วก็ผลตอบแทนการันตีชัดเจนให้ทุกปีแน่นอนจ้ะแล้วก็เงินเก็บก็เล็กๆของเราในแต่ละเดือนเป็นเงินก้อนใหญ่ให้เราในอนาคตเลยค่ะพี่เพ็ญถ้าหน้าเคาน์เตอร์แบงค์อ่ะอีดอก
ไม่เกิน 0.25 แล้วก็เบี้ยการเก็บต้องต้องสูงกว่านี้นะน้องฝนตกยิ่งอายุเยอะยิ่งต้องเก็บเยอะอ่ะแต่ในส่วนตัวเราให้ลูกค้าเก็บเศษคงที่ตลอดสัญญาแล้วจะซื้อดอกไม้เมื่อคืนพี่ไปส่งดอกเบี้ยแบงค์ได้ทุกปีปีละ 400 ไม่เกี่ยวกับเงินต้นที่พี่ส่งนะปีละ 3 3838 พรุ่งนี้ไปเตรียมเก็บของเราร้อยเปอร์เซ็นต์เลยเป็นก้อนใหญ่ให้เราในอนาคตดีกว่าฝากแบงค์ฉี่แล้วก็ไม่มีความเสี่ยงแต่อย่างใดด้วยผลประโยชน์ของให้หมดเลยลดหย่อนภาษีได้ไหมว่าพี่จะเสียภาษีเท่าไหร่ต้องแวะเอาไปลดหย่อนได้เต็มจำนวน 100 เปอร์เซ็นที่จะมีกำไรลดหย่อนภาษีอีกปีนึงไม่ต่ำกว่า 5000 จะบวกกับตัวเช็คเงินคืนก็เกือบหมื่นนะคะพี่เพ็ญจ่ายแล้วเก็บผ่านบัตรเครดิตก็ได้หรือบัญชีไทยพาณิชย์กสิกรกรุงเทพกรุงไทยได้หมดเลยเดือนละยอดเท่านั้นจ้ะ
ครบ 1 ปีแล้วทำไมไม่เก็บต่อล่ะก็จะคืนทั้งต้นทั้งดอกนะถ้าลูกค้าจะเก็บแล้วเอากันออกแบบคือต้องหลัง 2 ปีเป็นต้นไปพี่จะจ่ายแต่ว่าเราจะบอกว่าส่วนใหญ่แล้วตามศิริเพ็ญลูกค้าที่เก็บอ่ะเขาปีลูกค้ามีระยะเก็บเพิ่มเท่านั้นแหละพี่เพราะว่ารายได้ไหมในการฝากแบงค์นะคะพี่เราเก็บดอกเบี้ยมันก็อย่างที่เราแจ้งไปแล้วไม่เกิน 70 80 บาทต่อปีดังปรากฏในรูปแบบนี้ได้ขนาดนี้ไปหนูก็ไม่อยากเอาเงินออกจากทีมมันเสียดายผลตอบแทนใช่ค่ะแล้วก็สัญญาเดี๋ยวมันไม่ใช่ว่าเราจะต้องเก็บตลอดชีวิต 780 ไม่ใช่ผู้จัดอีก 50 ปีเท่านั้นนะคะพี่เพ็ญแล้วก็ลดหย่อนภาษีได้ใช้จะเงินเก็บของเราก็นึกว่าจะเป็นเงินก้อนใหญ่เราในอนาคตถ้าเราเดือดร้อนอย่างน้อยอ่ะเรายังมีเงินก้อนนี้นะคะพี่เลี้ยงตอน covid สะท้อนให้เห็นมากเลยว่าภาพชัดเลยว่าตัวนี้มันมีประโยชน์มากๆเพราะช่วงวิกฤตสังคมมีคนตกงานเยอะมากเป็นร้อยคนที่มีเงินเก็บในรูปแบบอย่างเขาก็ยังมีเงินก็เอาไปใช้กันนะ
เราสมมตินะคะเราเดือดร้อนเราไม่อยากเราต้องการเอาออกมาใช้แล้วออกมาใช้ได้ไหมคะเพราะต้องไปติดต่อเข้ามาก่อนก็ออกได้เงื่อนไขคือทำให้ตารางจากคนที่ใช่แล้วก็ในส่วนตัวนะคะพอครบปีปุ๊บเนี่ยตรงนี้เราจะส่งเป็นใบนำส่งการลดหย่อนภาษีให้เลยก็คือเอาไปยื่นได้เลยยื่นภาษีที่เสียอีกกำไรต่อปีก็เข้าอย่างที่เราบอกตรงๆเลยนะก็คือไม่ต่ำกว่า 5000 ในการลดหย่อนแล้วก็ระวังการเก็บค่ะคุณพี่ถ้าฝากแบงค์อ่ะค่ะสมมุติว่าเราฝากเดือนละ 3000 ระหว่างการเก็บถ้าเกิดอะไรขึ้นนะคะตรงนี้เรายังมีมรดกให้ครอบครัวตั้ง 40 นาทีแต่ถ้าเปรียบเทียบกับการที่เราฝากแบงค์เอาเงินไว้ในบัญชีเดือนละ 3000 = เหลือเท่ากับ 6 มาตั้งไว้ถ้าเสียชีวิตไม่ได้อะไรเลยได้แค่ 6,000 บาทแต่ตอนนี้เราดูแลตั้งแต่วันแรกคือ 40 นาทีคืออย่างที่หนูบอกว่าเงินก้อนเล็กๆตรงนี้ที่เอามาเปลี่ยนย้ายจากกระเป๋าซ้ายมา
กระเป๋าขวาแต่ผลประโยชน์เขา Cover ให้หมดเลยต้องพูดตามตรงกันทีตอนที่เขาเก็บเดือนละ 12000 บาทโควต้าเต็มตั้งแต่ชั่วโมงแรกแล้วค่ะพี่โควต้าเต็มเลยตั้งแต่ชั่วโมงแรกเพราะส่วนใหญ่จะเป็นพวกนักธุรกิจนักลงทุนมาเก็บออมกันนะคะแต่ว่าเน็ตตัวนี้ส่วนใหญ่ก็คือลูกค้ารายได้ไม่สูงเก็บตะวันสบายค่ะพี่เด่นจริงมันก็มีเริ่มต้นตั้งแต่ 2025 ได้คืนปี 2540 ได้คืน 4,000 บาทขึ้นไปละ 500 ยังไงมันก็ดีกว่ากันสักแบงค์แล้วมันไม่มีความเสี่ยงแต่อย่างใดด้วยแล้วก็ตอบแทนที่จะบอกว่าชัดเจนแล้วเขาก็ได้หลายเรื่องหลายต่อ
ก็น้องไม่ได้เลยเพราะพี่เก็บครบปียายฉุกคิดขึ้นได้ว่าไอ้หนึ่งตรงนี้ผลประโยชน์เขาดีขนาดนี้ซึ่งตอนนี้ในประเทศไทยมีโครงการตัวไหนให้ได้ขนาดนี้แน่นอนคอนเฟิร์มได้เลยแล้วก็ดึงลูกค้าเยอะและความเสี่ยงมันมีอยู่แล้วค่ะแต่ตอนนี้เราก็ยังดูแลคุ้มครองลูกค้าผลประโยชน์ไม่ตัดข้อไหนออกเลยเงินเก็บก็เลยเอามาเพิ่มมูลค่าให้มันเป็นในส่วนของตัวได้ผลประโยชน์ที่แบบครบจริงๆที่ดูแลลูกค้าได้ค่ะพี่ถ้ายังเป็นโครงการที่อื่นนะพูดตรงดอกเบี้ยเต็มที่จ่ายได้ไม่เกิน 1 เปอร์เซ็นต์หรอกแล้วก็ในการเก็บข้างสูงนะพี่หลักแสนนะต่อปีเพราะส่วนใหญ่คนขอเป็นรถจอดอยู่แล้วจ้าแล้วก็ได้แค่ลูกค้าไม่ใช้ไม่ใช้สิทธิ์ในการลดหย่อนน่ะพี่ได้เช็คเงินคืนที่เขากำลังตีทุกปีอ่ะ 4,000 ก็เยอะแล้วค่ะพี่แล้วก็เงินเก็บก็คุยอยู่ส่วนไหนเก็บเลยในส่วนตัวนะจ๊ะเก็บเยอะเหมือนกันเยอะพี่แต่ว่าตอนนี้ไม่ใช่เก็บตังค์ซื้อทุกอย่าง 20 ปีแล้วก็สัญญาเดือนปีเกิดให้เพื่อนคือได้แล้วให้ต่อเนื่องเลยตั้งแต่ปีที่ 1 ไปเลยไม่เว้นเลยนะคะพี่แต่ถ้าเป็นคนอื่นน่ะผลตอบแทนเช็ค
สูงขนาดนั้นเขาอาจจะให้ 3 ปีค้างอะไรเนี่ยของเราให้ต่อเนื่องทุกปีเลยแต่ตามสถิติพอเก็บครบปีส่วนใหญ่ลูกค้าถึงโทรเข้ามาเก็บเพิ่มเก็บเพิ่มอย่างนี้จะทำบางคนบอกว่าไม่อยากไปแล้วเราเก็บไว้เลยเดือนละ 3000 ก็คือสามารถทำอะไรได้เลยแต่ถ้าไม่ไหวแล้วทำเล็บเป็น 2000 ไปก่อนแล้วในอนาคตค่อยปรับเพิ่มได้จ่ายแล้วก็ห้องเก็บของตรงนี้เรายังมีมรดกให้กับครอบครัวด้วยอ่ะพี่จะเกิดอะไรขึ้นซึ่งตนคิดถึงฉันฟังแล้วไม่ถูกต้องไหมจ๊ะไม่งงแต่ไม่มีแต่ใจเราก็เลยอยากเป็นครูเพราะว่าเครื่องตัวนี้ลูกค้ามีบัตรเครดิตลูกค้าก็เก็บออมผ่านตัวบัตรเครดิตก็ได้เพราะยอดในการจ่ายกว่าจะเข้า statement จริงก็ประมาณ 30-45 วันค่ะพี่เพ็ญคะบางทีลูกค้าที่ใช้ได้ 2 บัญชีไทยพาณิชย์กสิกรกรุงเทพกรุงไทยก็เก็บออมผ่านโทรทัศน์ได้เดือนละยอดเท่านั้นจ้ะอย่างเดียวอย่างอื่นไม่ใช้โดยดีมากเลยค่ะพี่
กราบขอบพระคุณมากหรอกเพราะเวลาเป็นรายชื่อผู้ชายน่ารักมากนี่ตอนนี้ไม่เข้าใจกันเลยเพราะว่าดูจากข้อมูลในระบบก็คือ 20 กว่าปีแล้วไงถ้ามีงานตรงนั้นน้องไม่สามารถที่จะโทรหาพี่สิงห์เล่นได้แน่นอนถ้าไม่ใช่รายชื่อที่ทางผู้ใหญ่ผู้บริหารเลือกมาค่ะน้องอยากทำตัวโครงการให้คุณพ่อคุณแม่เลยเพราะว่าคุณแม่หนูก็อายุ 58 แล้วก็ยังไม่ได้เลยพี่โครงการนี้ก็ยังทำไม่ได้เลยนะเพราะไม่ใช่คนที่มีรายชื่อก็คือทำได้แต่ตัวโครงการทั่วไปที่ไปติดต่อหน้าแบงค์กับผลตอบแทนจะไม่ได้ส่งขนาดนี้นะแล้วก็เพื่อการเก็บอาจจะสูงกว่าแล้วแต่พี่แต่ผลตอบแทนก็ทั่วไปนั้นเรารับลูกค้าจำนวนไม่จำกัดทำเมื่อไหร่ก็ได้แต่โครงการมันมีเวลาของมันกับพี่ว่าผลตอบแทนสูงกว่าข้างนอกเพราะตอนนี้เขาฉลองครบรอบ 125 ปีแต่ปีนี้เขาเรียกคืนกำไรในกลุ่มลูกค้าตอนนี้จะ
สมมุติว่าผิดอีก 7 ปีแรก 2005 พี่จะได้คืนสิ้นปีเท่าไหร่ 2540-2550 บัญชีเป็น 5% เท่ากันพี่แต่ว่าถ้าเพิ่มอีกนิดนึงถึงพี่อายุเยอะแล้วตอนนี้พี่ถึงแล้วเป็นกรมธรรม์เล่มปิดเล่มสุดท้ายเลยก็ได้ไม่ต้องไปหาที่ไหนทำแล้วถือตัวได้ไปเลยเพราะในอนาคตอีกประมาณปีสองปีพี่ไปสมัครตัวนี้กับโครงการที่อื่นเขาก็ไม่รับแล้วถูกต้องไหมพี่อันนี้เราพูดกันว่าแม่ลูกเลยค่ะพี่พูดกันตรงๆเลยมาจ่ายถ้าเป็นคนอื่นเขาก็ไม่รับแล้วแต่ตอนนี้เราก็ยังดูแลลูกค้าอยู่เลยนะวันนี้เที่ยงแข็งแรงอ่ะผลประโยชน์และดูแลพี่ได้เต็มที่เลยนะอย่ามาคุณลูกค้าแค่อายุ 40 แล้วเป็นเบาหวานความดันก็คืออยากเก็บเยอะมากอยากจะระเบิดติดต่อเข้ามาอยากเก็บเดือนละ 10,000 บาทก็ไม่สามารถทำได้จริงๆนะพี่โครงการนี้จะเยอะมากโคตรปีแรกทำยังแข็งแรงอยู่เลยพี่ทดลองไปดูเลยครับมีโรคประจำตัวขึ้นมาแล้ววันนั้นน่ะไปหาทำที่ไหนก็ไม่ได้แล้วพี่ต่อให้พี่จะจ่ายสูงก็ทำไม่ได้แล้วไอ้คนรักจริงแล้วก็ยังทำได้อยู่ให้เราดูแลเธอพี่ส่วนใหญ่ลูกค้าที่อยู่ใน
ยาค่ะส่วนใหญ่จะเป็นลูกค้าที่เขาเรียกว่าเป็นลูกค้าเก่าเท่านั้นที่เราดูแลก็ส่วนใหญ่จะเป็นเรทอายุเท่าไหร่ 50 ไม่เกิน 60 ปีนี้จะจ่าย 2,500 นะน้องโดยตรงถ้าปี 2004 ถ้าพี่ฝากแบงค์นะคะดอกเบี้ยยิ่งไม่ถึง 30 บาทเลยนะแล้วก็ผลประโยชน์คนอื่นไม่ได้เลยได้แค่ดอกเบี้ย 0.25 เปอร์เซ็นต์ไม่เกินนี้ได้แค่อย่างเดียวแต่ในรูปแบบนี้มันคงหมดเลยทั้งยังมีมรดกพินัยกรรมนะคะเป็นครอบครัวให้คนในครอบครัวถ้ามันเกิดอะไรขึ้นกับชีวิตเราอ่ะค่ะเงินแค่ก้อนเล็กๆของเราเดือนละ 3,000 เราคือดูแลสูงถึง 400 อย่างนี้ค่ะพี่แล้วก็สัญญานะถ้าลูกค้าบางคนคิดที่จะเก็บเป็นกรมธรรม์เลขตัวท้ายลูกค้าก็จะเก็บเป็นรายเดือนหรือ 4000 ต่อเดือนนี้ค่ะถ้าเก็บ n4050 ก็ได้คืนปีละ 5,000 ค่ะพี่ชายบางคนก็ตั้งใจถือเป็นกรมธรรม์เล่มปิดไปเลยนะคะที่รัก
เพราะว่าเราแบบเก็บแบบเล่นๆแบบไม่ได้เอาอะไรตรงนี้ใช่ไหมละ 3,000 บาทตอนนี้เพราะว่าเงินคืนสูงอยู่ที่ปีละ 4,000 บาทเอาตัวไหนเราเพิ่มแล้วเพิ่มจาก 2,000 ตัวนี้เพิ่มอีกแค่ไม่กี่ร้อยบาทต่อเดือนแต่ว่ารับเงินคืนแล้วได้ 4000 มันเห็นมันเห็นในส่วนของตัวผลตอบแทนที่ชาร์จอ่ะค่ะแล้วก็ตรงนี้ในการลดหย่อนภาษีมันก็ร้อยเปอร์เซ็นต์อีกอคติกำไรต่อกันอีกต่างหากแต่คนอื่นส่งข้อความเข้าตรงนี้มันได้ 400 เลยค่ะที่เซเว่น
แต่นี่หนูไม่ได้บังคับนะเดี๋ยวถ้าถ้าไม่รู้สึกว่ามันลำบากใจเก็บ 2025 ไปก่อนก็ได้ค่ะคุณพี่วันนี้พี่อาจจะต้องไม่อยากตรงนู้นก็อยากตรงนี้อะไรมาใช่ไหม ok ได้เดี๋ยวน้องดูแลไปเลย 2020 พาน้องไปซื้อเลยเนาะแล้วก็แล้วค่ะวันนี้ค่ะคุณพี่จะเก็บออมผ่านไปส่งของช่องทางบัตรเครดิตหรือเป็นบัญชีดีคะพี่ของแพรวคณิตเพราะว่าเราหักให้ยอดได้น้อยเพิ่มได้เลยมากก็คืนเงินอยู่ในบัตรได้ๆไม่น่าจะมีเงินช้อปปิ้งบ่อยๆเราก็ไม่รู้นะพี่น้องไปเดินช็อปปิ้งคลายเครียดอะไรเนี่ยตามประสาวัยรุ่นชายก็ได้ส่งต่อนะคะไม่เกิน 2 วันทำการจะได้รับเป็น 2 ตัวกรมธรรม์ด้วยนะคะคุณพี่เป็นหลักฐานในการเก็บออมก็จะเอา 20 ปีคุ้มครอง 20 ปีแต่ว่าใช้กันคือเราให้ต่อเนื่องจากปีที่ 1 เลยนะคะต่อเนื่องไปเลยแล้วก็ได้ปีที่แล้วไม่ต้องเก็บไม่ได้มันก็เป็นเสือนอนกินเที่ยงคงได้ 2000 เรื่อยๆอยู่ตรงนี้จะอัปเดต
ตอนที่อยู่ให้หนูด้วยเด้อว่ายังเป็นที่ 43/1 หมู่บ้าน n n s หรอคะพี่เซอร์วิสหมู่ 2 ตำบลบางบ่ออำเภอบางบ่อนะคะตัวนี้เดี๋ยวก็น้ำมีซอยถนนไหมคะคุณพี่ไม่มีค่ะได้ๆๆโอเคเดี๋ยวน้องขออนุญาตให้ข้อมูลนะคะแป๊บนึงนะคะคุณพี่แล้วก็เดี๋ยวก่อนนะเป็นหมู่ที่ 2 ตำบลอำเภอบางบ่อจังหวัดสมุทรปราการนะคุณพี่จ๋ารหัสไปรษณีย์ 10540 นะคะเดี๋ยววันนี้ลองให้คุณพี่ทำรายการโอนเองแล้วเด็กคนแรกก็คือยอด 2025 บาทนะคะแล้วก็ออกของให้วันนี้เลย 200 บาทนะจ๊ะแล้วก็คำนำหน้าของตัวพี่จะใช้คุณหญิงคุณนายไหมคะพี่หรือใช้นางสาว
เจ๊นางสาวสภาพพอดีเป็นสมรสค่ะคุณพี่ขา
โสดค่ะโอเคค่ะน้องสะกดชื่อน้าสอเสือสระอิรเรือสระอิพพานเลข 8 ยาวหญิงนามสกุลเสือโรจน์จะเป็นสระเอสเสือสเสือโพดค่ะคุณสุพจน์น้อยจะเป็นสระเอสอเสือสระอือสำเภาช้าๆหนูเนาะแล้วก็ในส่วนของหนูก็เลยจะใช้ระบบการค้าแล้วก็วันเดือนปีเกิดวันที่วันที่ 11 เดือน 11 ปี 1967 นะอายุ 55 ปีดูคำอวยพรให้พี่นะคะสวยวันสวยคืนอย่างนี้ไปตลอดเลยนะคะจนอายุ 100 ปีเราก็อายุ 55 ปีส่วนสูงเท่าไหร่คะพี่เพชรตอนนี้เพื่อนอยู่ที่ห้องน้ำหนัก 53 Ok Google แสดงว่าคุณคิดว่าคุณเป็นคนที่ดูแลตัวเองค่อนข้างดีนะพี่น้องอันนี้คุณพี่ออกกำลังกายไหมหรือว่าเรากินอาหารที่มีประโยชน์บังคับให้หนูนิดนึง
กินค่ะกินอาหารกันไม่ใช่มาออกกำลังกายใช่ไหมที่ผ่านมาโดยมีการเปลี่ยนแปลงเป็นพิเศษนะจ๊ะก็มีขึ้นขึ้นลงลงตามปกติเลยจริงๆแล้วก็ได้ส่งตัวนี้รบกวนขอเลขบัตรประจําตัวประชาชนค่ะคุณพี่น้ำ 1 2 0 4 1 2 0 4 0 0 6 5 9 5 2 9 5 2 จะต้องขออนุญาตทวนนะคะคุณพี่จ๋าจะเป็น 32 04 05 06 59 52 แล้วหมดอายุค่ะพี่เป็นวันที่ 10 เดือน 11 ตเท่าไหร่นะคะ 25 เท่าไหร่อ่ะเราลืมบัตรหมดอายุต้องลงข้อมูลเป็นประมาณ 6-8 คนพี่น้องแล้วก็ตอนนี้ให้น้องลงไปใน 2 ตัวแทนบริษัทต้องไปหาคนดีจ๋าโอเคแล้วก็แป๊บนึงนะคะในส่วนของพนักงานบริษัทเนาะแล้วก็ตรงนี้ค่ะคุณพี่
เดี๋ยวแป๊บนึงค่ะเดี๋ยวน้องมันจะมีนะ 2 ตัวผู้รับประโยชน์ด้วยค่ะคนที่จะมาเป็นใครบ้างเอ่ย
เดี๋ยวก็พี่ยืนยันเลขบัตรไปส่งเลขเบอร์มือถือให้เรานิดนึงจ้ะเบอร์มือถือ 9443 9615 เพื่อผลประโยชน์ให้ใครคะเป็นบุคคลที่เรารักค่ะคุณพี่เป็นล้านก็ได้เป็นพี่เป็นน้องเป็นคุณพ่อคุณแม่ก็ได้จะให้ใครจ๊ะเป็นเจ้านายและกันชนหน้างานแล้วกันเขาดูแลอยู่เขาดูแลกันค่ะเดี๋ยวก่อนนะเดี๋ยวน้องจะลงสถานะว่าเป็นพี่หรอคะคุณพี่เป็นพี่ใช่ไหมไม่รู้เป็นหลานแล้วกันเนาะงานลงเวลาผิดนะคะโชคดีจังเลยหลานพี่คนนี้เขาเป็นผู้หญิงเป็นนางสาวโอเคเป็นไรเนาะแล้วก็ต้องเลี้ยงค่ะรบกวนสะกดชื่อนามสกุลให้หนูหน่อยจ้ะพี่
ไปก่อนที่ใส่คนอื่นไปก่อนนึงถ้าแล้วก็ไลน์มาคุยด้วยแล้วค่อยมาเปลี่ยนเพิ่มหรืออะไรเนี่ยจะกดให้หนูหน่อยจ้ะ
จ๊ะเดี๋ยวแป๊บนึงตายๆๆค่ะพี่เพราะตอนนี้มันต้องใส่อย่างน้อย 1 คนไม่มีอนาคตเดี๋ยวค่อยเพิ่มโทรหาหนูได้อยากให้ใครเพิ่ม
อ๋อนึกออกแล้วจ้าเคณัฐพงษ์ศรีจามรจ้าจะสะกดยังไงคะพี่อากาศงองูศรีจามรค่ะรอเรือสระอีรเรือโอเคแล้วก็จำได้ไหมคะถ้าไม่จำเป็นจะไม่ได้ข้ามได้กับพี่เอาเบอร์มือถือค่ะ 099 365 ค่ะ 9263 แล้วก็เลขบัตรประจำตัวประชาชนที่อยู่ให้น้องลงไปที่เดียวกันได้นะคะคุณพี่จ๋าโอเคโอเคแล้วก็ที่ส่งไปไว้ในอนาคตนะพี่น้องค่อยโทรมาเพิ่ม OK ได้เลยแล้วก็ตอนนี้เดี๋ยวน้องทำในเรื่องของตัวใบกำกับภาษี
ไว้คนที่ด้วยน้องเขยคนที่เอาไปลดหย่อนในอนาคตอ่ะค่ะ ok ได้เดี๋ยวน้องเขาจะคีย์ข้อมูลไปวันนี้คุณพี่ไม่ต้องกรอกเอกสารเองเลยนะคะแล้วก็ตรงนี้ไม่ต้องไปตรวจสุขภาพด้วยเดี๋ยวน้องเนี่ยนะคะอาจจะเป็นการให้ทั้งหมดเลยเดี๋ยวมันจะมีคำถามสุขภาพแล้วก็เกี่ยวกับคำถามตะกร้าป้องกันการฟอกเงินนะคะแล้วก็ได้ 2 คำถามสุขภาพสักคำถามไหนไม่สุภาพน้องต้องขอประทานอภัยไว้ณที่นี้ก่อนเน้อเพราะว่าตอนนี้มันเป็นงานที่เราจะต้องถามทุกท่านนะคะแล้วก็เดี๋ยวแป๊บนึงนะคะเดี๋ยวน้องกินข้าวก่อนแป๊บนึงค่ะไม่เกิน 1 นาทีจ้ะแล้ววันนี้คุณพี่ทำงานไหมคะใส่ชุดแดงมารับอั่งเปาหรือเปล่าวันนี้ฮ่าๆๆที่ทำงานเขามีแจกไหมพี่นะคะการที่หนูเคยฟังแล้วก็ได้เขาบอกว่าการอำเภอยิ้มเป็นคนจีนยิ่งต้องแจกเยอะเพราะว่าเขาแจกเยอะแล้วเขาจะถือว่าเขาจะได้กลับมาเยอะกว่าเดิมหลายเท่า 100 เท่านี้ค่ะใช่ประมาณนั้นก็เป็นธรรมเนียมเขาต้องเครียดต้องแตกต่างไปเอาอะไรนะค่ะแล้วก็เดี๋ยวแป๊บ
เดี๋ยวน้องคีย์ข้อมูลแป๊บนึงจ้ะ
ค่ะคิดถึงนะคะคุณพี่ท่านเคยถูกปฏิเสธเรื่องการรับประกันภัยเพิ่มอัตราเบี้ยประกันภัยเปลี่ยนแปลงเงื่อนไขสำหรับการขอเอาประกันภัยหรือการกลับคืนสู่สถานะเดิมหรือการขอต่ออายุของกรมธรรม์จากบริษัทนี้เลยไหมคะ
ว่าจะไม่มีหรอค่ะแต่ไม่เคยจับยาเสพติดสารเสพติดโรงเรียนส่วนเกี่ยวข้องกับการค้ายาเสพติดหรือเคยต้องโทษคดียาเสพติดหรือไม่จ๊ะที่สามารถคืนได้ถ้าเคยได้รับการวินิจฉัยและการรักษาหรือการตั้งข้อสังเกตโดยแพทย์เป็นโรค sle โรคมะเร็งโรคหัวใจและหลอดเลือดโรคเบาหวานโรคความดันโลหิตสูงโรคหลอดเลือดในสมองโลกโลกโลกโลกโลกโลกโลกโลก sle พิการทางร่างกายหรือไม่จ๊ะยังไม่มีค่ะจะเข้าที่ 4 ครับพี่ในระหว่าง 3 ปีที่ผ่านมาตั้งแต่ได้รับการตรวจวินิจฉัยโรคเช่นเอกซเรย์การตรวจคลื่นหัวใจการตรวจเลือดหรือการตรวจด้วยเครื่องมือพิเศษอื่นๆได้รับการปรึกษาแพทย์เกี่ยวกับสุขภาพหรือเข้ารักษาตัวในโรงพยาบาลหรือไม่คะที่ 5 ค่ะในรอบ 6 เดือนที่ผ่านมาน้ำหนักตัวมีการเปลี่ยนแปลงไหมคะ
เสียงคราง 1-200 น้อยอยู่ที่ตลาดตามเวลาที่เรากินเข้าไป 2 ตัว App SCB ได้เลยค่ะกดไปที่ธุรกรรมของฉันจะเปิดลำโพงก็ได้นะคะจาก scb easy กดที่รูปภาพของฐานแล้วก็ช่องว่าจ่ายบิลจะดี
ไม่ทันถ้าไม่ทันบอกนะจ๊ะ
จ่ายดินทรายแล้วก็ช่องที่เป็นแว่นขยายทัพพีใส่ 0216 ค่ะจ่าย 0216 นะคะแล้วมันจะขึ้นเต็มมันจะขึ้นว่าจะแล้วมันจะขึ้นรถๆ
เป็นเสียงใส่อะไรนะคะถูกต้องไหมคะพี่จะใส่ส่วน 216 หารหัสโค้ดค่ะพี่ส่งซอย 16 แล้วมันจะขึ้นว่า fwd ประกันชีวิตสีส้มๆจะกดเข้าไปได้เลย
ใช่ค่ะแล้วพี่แดงค่ะคนที่ด่าเจอหรือยังจ๊ะต่อไปมันจะขึ้นว่าเราใส่รหัสลูกค้าเล็บ 1 ถูกต้องไหมครับกดผิดกดตรง AB ก่อนนะคะแล้วก็รหัสลูกค้าชอบที่เล็บ 1 อ่ะกวนตีน
ถ้าไม่ทันบอกน้องได้นะคะคำว่าส่วน 216 แล้วไม่เจอสีส้มๆวิวดีอ่ะค่ะพี่ใช่ๆที่มันเขียนว่าเอฟดับบลิวดีประกันชีวิตค่ะสีตรงๆพี่ใส่โค้ดถูกใช่ไหมจ๊ะส่วน 216 4216 ค่ะพี่หญิง 6 ชายแล้วก็กด search กดกดนะคะพี่แล้วตอนนี้มันจะขึ้นงาน
ขึ้นมาหลายอันอยู่พี่แต่ตอนนี้เรากดคำว่าเอฟดับบลิวดีประกันชีวิตสีตรงๆจ้ะ
ค่ะถ้ามีรับประกันชีวิตครับพี่
 swu ได้ปกติกินข้าวอยู่ข้างล่างมันก็อยู่ข้างบนน่ะพี่ต้องเลื่อนดูแล้วก็เราใส่รหัสลูกค้าเลือกหนึ่งนะคะพี่ที่ใส่เป็นเลข 329 ไปตรงไหนก็ตรง F1 ฉายา Reference ค่ะเล็ก 10 บาทลูกค้านะคะทั้งสองคนต้องใส่แค่ครั้งเดียวจะถึงจะใส่เป็นเลข 329
 3 2 9 4 8 4 8 9 10 ก็เลื่อนลงมาช่องจำนวนเงินนะคะ 20 25
 ส่งข้อมูลแล้วก็ยืนยันจ๊ะถ้าเสร็จแล้วบอกน้องนะคะ
ตรวจสอบข้อมูล
แล้วก็ยืนยันค่ะถ้าเสร็จแล้วบอกน้องค่ะถ้าโอนเสร็จสำเร็จแล้วบอกน้องจะเรียบร้อยจะตายแล้วก็ต้องกลับมาที่หน้าธุรกรรมของฉันค่ะคุณพี่หน้าแรกเหมือนเดิมจ้ะ
เดี๋ยวจะหาโทรศัพท์ของฉันนะคะหน้าแรกนะคะยังไม่หลับเลยฮ่าๆๆ
จ้ะแล้วก็ลงมาที่สมัครบริการหักบัญชีอัตโนมัติค่ะ
เห็นแล้วค่ะแล้วก็กดยอมรับค่ะจะหักทุกเดือนเลยใช่ไหมคะใช่ค่ะคนนี้ใช่ก็คือพี่เองแล้วเดินต่อไปเดี๋ยวมันอัตโนมัติเลยจ้ะแต่เดือนแล้วยอดเท่านั้นค่ะ
ตอนนี้ถึงขั้นตอนยอมรับหรือยังคะเราก็กดเหมือนเดิมพี่ตรงแว่นขยายอ่ะค่ะใส่ 0216 เหมือนเดิมให้มันขึ้นว่า fwd แล้วกดเข้าไปได้เลยจ้ะ 02 169 เดิมเลยค่ะ
ขึ้นเลยค่ะจะกดได้เลยจ้า
ค่ะกดตรงไหนเอ่ยคำว่าแอลอีดีจ้ะแล้วก็หน้าต่อไปมันจะเป็นรหัสอ้างอิงที่ 1 และ 2 ถูกต้องไหมคะอันนี้เราใช้ทั้ง 2 ท่านนะคะพี่เล็กเดินไปจากพี่จ๋าจะไปเลข 329 9148 หรือ 8991 หาพี่ได้เลยนะคะ
กราบพระเรียบร้อยทั้ง 2 ช่องแล้วก็กดตรวจสอบข้อมูลนะคะถ้าพี่ว่างไม่ได้หรอกพิมพ์เลขใหม่เลยค่ะพี่
ไปใส่ช่องที่ 2 ใช่ไหม 3 2 9 1 4 8 9 9 แล้วทีนี้ก็ 3939 4489 วันที่
เรียบร้อยใช่ไหม
มันขึ้นมายืนยันนะคะฮ่าๆๆกดยืนยันค่ะมีให้เลือกเบอร์มือถือก่อนนะเราก็รับ otp จากปกติแล้ว LINE คุณพี่อ่ะ search จาก ID หรือเบอร์โทรครับพี่
เบอร์โทรจากการรบกวนแจ้งนิดนึงค่ะ
 094 กับพี่ 4239 ที่เป็นพี่เล็กไหมคะใส่เสื้อสีน้ำเงินโอเคค่ะคุณพี่ได้รับ otp หรือยังคะได้ๆค่ะใส่ otp เข้าไปนะจ๊ะยังไม่มาเลยนะแต่ว่าพี่กดเบอร์มือถือแล้วใช่ไหมจ๊ะพี่ก็เข้าไปเลยจ้ะพี่ปี 1 7 2 9 3
 จ่าแล้วก็กดทับไปได้เลยนะคะปี 17
 ได้แล้วค่ะลองใช้ Line บริษัททักไปแล้วค่ะพี่รบกวนคุณพี่ส่งสลิป 2 ใบให้น้องนิดนึงจ้ะเห็นในเพจ LINE บริษัทน้องหรือยังคะที่เขียนว่าตัว fwd จ้ะ
เห็นแล้วค่ะได้ค่ะลูกค้าค่ะหนูฮ่าๆๆรูปภาพอ่ะค่ะอันนี้ต้องเป็นรายบริษัทนะคะแต่ไม่ได้มีเจ้าหน้าที่ตอบกลับเนาะอันนี้ไว้ส่งใบส่งตัวสลิปอย่างเดียวแต่คนจิ
แล้วก็อีกอันนึงด้วยค่ะพี่ที่เป็นสลิปโอนเงินอีกโอเคค่ะขอความคุ้มครองให้พี่น้องส่วนผลประโยชน์นะคะแล้วที่ชื่อที่สหกรณ์กลุ่ม 4 ใบหน้าได้เลขที่ 603 0753 จากบริษัทไทยกริ๊พเทคจำกัดรับกันภัยโดยบริษัทเอฟดับบลิวดีประกันชีวิตจำกัดมหาชนขออนุญาตให้ข้อมูลนะคะเพื่อเป็นการสมัครและคุ้มครองทางโทรศัพท์โดยที่ไม่ต้องออกเอกสารสมัครใดๆทั้งสิ้นค่ะนี้พิเศษมีอายุระหว่าง 20 60 ปีที่สุดในการสมัครสมาชิกแบบเอสดับบลิวดี Fortuner 2019 บริษัทเอฟดับบลิวดีประกันชีวิตจำกัดมหาชนดำเนินธุรกิจภายใต้การกำกับดูแลของสำนักงานคณะกรรมการส่งเสริมธุรกิจประกันภัยคปภแล้วก็เท่าที่ควรยืนยันสิทธิ์ที่จะได้รับที่เซเว่นจะดับสมัครความของที่ทุนประกัน 500,000 บาทแล้วก็พี่เพ็ญจะรับมันจะขึ้นทุกปีตั้งแต่สิ้นปีกรมวันที่ 19 ปีละ 2500 บาทแล้วก็นัดอีกวันที่ 20 จะระเบิดจะเกิดที่ 20,000 บาททั้งหมดที่พี่สิอาจจะดับ 250000 7500 บาทโดยที่ 11 จะได้ครอบครองตลอดชีวิตตลอดส่วนใหญ่ที่ 20 จำนวน 20 ปีเป็นจำนวน 200 บาทเบี้ยประกันชำระมาแล้วแต่
ได้มากกว่ากรณีที่บริษัทไม่คุ้มครองคือไม่คุ้มครองการเสียใจกับฆ่าตัวตายในปีแรกหรือถูกกฎระเบียบข้าราชการกรณีไม่เปิดเผยความจริงแสดงข้อความอันเป็นเท็จนะคะที่เซ็นทรัลจ๋าแล้วก็ตรงนี้พี่เจริญตกลงยินยอมแพ้กับชีวิตจำกัดมหาชนและเก็บค่าเที่ยวกําแพงเพชรทุกเดือนเดือนละ 2000 25 บาทปี 50 ปีผ่านตัวบัญชีของไทยพาณิชย์นะคะคุณพี่คะ
อัลบั้ม We love ความของหลังจากที่บริษัทครับบ้านเลขที่เดียวกันผ่านตัวบัตรเครดิตเดบิต Visa หรือ mastercard ได้ทั้งนี้ทางบริษัทขออนุญาตทำการแสดงวงเงินในบัตรเครดิต Visa Master สำหรับคนค้ำประกันในโคราชแล้วก็จะมาเที่ยวกันแบบรายเดือนอาจมีโอกาสที่เข้าบัญชีแล้วจะถูกเรียกเก็บเป็น 2 งวดทั้งนี้ขึ้นอยู่ที่เราบัญชีของพี่เพ็ญด้วยนะคะแล้วก็ตอนนี้จะได้ที่แจ้งเพิ่มเติมว่าหลังจากที่กรมฯได้รับการอนุมัติเร็วจะส่งที่สำหรับการยืนยันตัวตนไปให้พิเศษนะคะผ่านทาง SMS อย่าลืมกดยืนยันตัวตนผ่านทาง SMS นะคะขอถามรายละเอียด o-net ปีจะไม่สามารถจัดผลประโยชน์ใดๆให้ได้แล้วก็เพื่อการรักษากรมธรรม์ให้มีผลบังคับอย่างต่อเนื่องและชำระเบี้ยประกันถึงกำหนดชำระทุกครั้งประกอบการขาดวิตามินเอจะต้องส่งหลักฐานแสดงว่ามีสุขภาพสมบูรณ์สามารถทำการติดต่อได้ตามเงื่อนไขหรือสามารถเปลี่ยนแปลงวิธีการชำระเป็นหักผ่านบัญชีธนาคารได้เพียงติดต่อที่ fwd ประกันชีวิต
สายชลหมายเลข 13 51 เพื่อแล้วเพื่อให้บริษัทสามารถเก็บข้อมูลในการติดต่อพี่จะเป็นอย่างครบถ้วนแต่ถ้ามีการเปลี่ยนแปลงข้อมูลส่วนตัวเช่นชื่อที่อยู่เบอร์โทรอีเมล์สามารถติดต่อเข้ามาที่บริษัทได้นะคะแล้วก็คุณพี่จะได้รับกรมธรรม์ประกันชีวิตภายใน 10 วันทำการนับจากวันที่ได้รับการประกันภัยการตรวจสอบความถูกต้องแก้ไขและข้อยกเว้นและอวัยวะรับความคุ้มครองนะคะรวมถึงรายละเอียดในกลุ่มถ้าสำนักงานคปภกำหนดว่าภายใน 7 วันนับแต่วันที่ได้รับประทานจะมีเจ้าหน้าที่ติดต่ออีกครั้งให้เพื่อให้แน่ใจว่าได้รับประทานเรียบร้อยแล้วนะแล้วก็หากพิจารณาพิจารณารายละเอียดกรมธรรม์และมีความทนทานสามารถติดต่อเข้ามาเป็นลายลักษณ์อักษรให้บริษัททราบภายใน 30 วันนับแต่วันที่กรมธรรม์ประกันชีวิตแล้วก็รวมถึงกรณีลูกค้าประสงค์ที่เวนคืนก่อนครบกำหนดรับด้วยตนเองระดับเดียวกันที่ชำระแล้วทั้งนี้ขึ้นอยู่ที่ตามระยะเวลาตามกรมธรรม์ด้วยนะเวลาเวนคืนนะคะแล้วก็ตรงที่ 4 เพียงแต่ถ้ามีข้อสงสัยหรือต้องการสอบถามข้อมูลสามารถติดต่อที่ไทยพาณิชย์โพธิจำกัดหมายเลข 02 079 กรณีไม่ได้รับเล่มหรือมี
สงสัยอะไรหรือคะสามารถติดต่อได้ที่ 13/1 ในวันและเวลาทำการนะคะที่เจนในอนาคตถ้าพี่เกิดถูกหวยขึ้นมาใครจะรู้พี่ใช่ไหมเกิดถูกลอตเตอรี่ 6 ล้าน 12 ล้านและอยากเก็บเพิ่มติดต่อน้องได้เลยนะแล้วก็ไม่ตอบตกลงตามข้อความที่กล่าวมาทั้งหมดนี้เลยค่ะขอบคุณมากค่ะเพราะว่าเดี๋ยวพี่จะไปรู้ไหมว่าแถวบ้านล่าสุดเลยที่ผ่านมาแถวๆสายไหมอ่ะที่กรุงเทพฯพี่ได้ดูข่าวในกองสลากหลุดจากกองสลากไหมข้างหลังนั่นแหละเขาว่าหอบเงินมาเลยพี่ 16 ล้าน 12 ล้านอ่ะหนูไม่แน่ใจว่า 28 ล้านนี่แหละเขาถูกมาแถวๆบ้านหนูเลยอ่ะตรงนั้นน่ะใกล้บ้านหนูเลยจ่ายการเป็นเศรษฐีไปเลยพี่หน่อยก็เป็นเราใช่ไหมพี่ก็เป็นเรานะที่ 6 พี่เดี๋ยวน้องต้องหาเพิ่มโน้ดีๆมันจะมีทั้งหมด 15 ข้อถามไปแล้วถ้าเขาจะทำเพิ่มเติมนะถ้าเป็นผู้มีสัญชาติประเทศไทยที่เกี่ยวข้องกับประเทศสหรัฐอเมริกาหรือไม่คะ
ไม่ค่ะแต่ท่านไปหรือใครเป็นผู้ถือบัตรประจำตัวผู้มีชีวิตที่อยู่อย่างถูกกฎหมายในประเทศสหรัฐอเมริกาหรือไม่คะแต่ถ้ามีหน้าที่เสียภาษีให้แก่กรมสรรพากรประเทศสหรัฐอเมริกาหรือไม่คะได้ค่ะถ้ามีสถานะเป็นผู้มีถิ่นที่อยู่ในประเทศสหรัฐอเมริกาเพื่อเพื่อวัตถุประสงค์ในการเก็บภาษีอากรของประเทศสหรัฐอเมริกาหรือไม่คะคุณลูกค้ามีความประสงค์และยินยอมให้บริษัทประกันชีวิตและเปิดเผยข้อมูลเกี่ยวกับเบี้ยประกันภัยต่อกรมสรรพากรตามหลักเกณฑ์ที่กรมสรรพากรกำหนดนะคะแล้วก็ข้อที่ 4 ภาษาไทยพาณิชย์จำกัดและบริษัท fwd ประกันชีวิตจำกัดตระหนักถึงความสำคัญในการดูแลข้อมูลส่วนบุคคลเพื่อให้เป็นไปตามพรบคุ้มครองข้อมูลส่วนบุคคลบริษัทให้ความยินยอมจากพิจิตรซึ่งกรณีให้ความยินยอมถือเป็นการให้ความร้อนสำหรับทุกประการนะคะที่อยู่กับ AV แล้วก็ยินยอมให้บริษัทไทยน้ำทิพย์จำกัดเก็บรวบรวมไทยและเปิดเผยข้อมูลส่วนบุคคลและข้อมูลส่วนบุคคลที่มีความหวังไว้เช่นข้อมูลสุขภาพได้แก่บริษัท fwd ประกันชีวิตจำกัดมหาชนเพื่อวัตถุประสงค์ในการนำเสนอผลิตภัณฑ์บริการและข้อเสนอพิเศษอื่นเกี่ยวกับการ
ประกันภัยและการตรวจสอบที่เกี่ยวข้องรวมถึงยอมให้ทำการวิเคราะห์ปรับปรุงผลิตภัณฑ์หรือบริการและคุณลูกค้าที่ยอมนะคะแล้วก็เข้าที่ 2 ถ้าตกลงจะให้ความยินยอมให้แก่บริษัทไทยซัมมิทโกลด์เพรสจำกัดบริษัทเปิดเผยข้อมูลส่วนบุคคลในข้อใดของท่านให้กับธนาคารไทยพาณิชย์จำกัดและบริษัทในกลุ่มธุรกิจทางการเงินของธนาคารตามที่ปรากฏ www.scb.co.th ลับพันธมิตรทางธุรกิจที่จะได้ของบริษัทเพื่อวัตถุประสงค์ดังนี้ 1 วิจัยและวิเคราะห์ข้อมูลส่วนบุคคลและข้อมูลของท่านเพื่อประโยชน์สูงสุดในการพัฒนาผลิตภัณฑ์บริการที่ตอบสนองตามความต้องการของท่านอย่างแท้จริงต้องติดต่อท่านเพื่อเสนอผลิตภัณฑ์บริการและสิทธิประโยชน์ที่เหมาะสมแก่ท่านโดยเฉพาะที่คุณพี่สามารถเอาคำของและข้อมูลส่วนบุคคลตรวจสอบรายชื่อบริษัทคู่ค้าได้ที่หน้าเว็บไซต์ไทยพาณิชย์ที่ www.scb.co.th นะคะแล้วก็หักไปส่งที่สาขามีรายได้น้อยสามารถแจ้งผ่านศูนย์บริการ 13-14 ได้เลยนะคะคุณพิทักษ์ที่ 3 จะยาวนิดนึงนะแต่ 14-15 ต้องการเข้าศึกษาต่อจากนี้ไปจะเป็นการให้ความยินยอมให้แก่
คุณลูกค้าผู้แทนโดยชอบธรรมยืนยันว่าเป็นความจริงแล้วเข้าใจดีว่าการพัฒนาความจริงอาจปฏิเสธการรับประกันภัยและการจ่ายเงินตามกรมธรรม์ลูกค้าผู้แทนโดยชอบธรรมยอมแพ้หรือบริษัทประกันภัยหรือสถาบันอื่นใดซึ่งมีข้อมูลส่วนที่ออกมาใช่ป่ะสุขภาพของคุณลูกค้าเลือกผู้เยาว์ที่ผ่านมาในอนาคตเปิดเผยให้แก่เครื่องดีหรือผู้ใดช่องทางเพื่อการพิจารณาการผลิตการจ่ายเงินตามกรมธรรม์ลูกค้าผู้แทนโดยชอบธรรมยินยอมให้ใช้และเปิดเผยข้อมูลส่วนบุคคลที่มีความหลากหลายเช่นข้อมูลสุขภาพของคุณลูกค้าหรือผู้เยาว์ต่อบริษัทประกันภัยอื่นต่อบริษัทประกันภัยต่อหน่วยงานที่มีอำนาจตามกฎหมายบุคลากรทางการแพทย์เพื่อรับการอภัยหรือการจ่ายเงินตามคุณลูกค้าผู้ใดกระทำระหว่างประจุแปรปรวนฉายและเปิดเผยข้อมูลส่วนบุคคลรวมถึงข้อมูลส่วนบุคคลที่มีความอ่อนไหวของคุณลูกค้าทุกอย่างเพื่อการพิจารณาร่างกายตามนโยบายของส่วนบุคคลอ่านเว็บไซต์ได้ที่ www.ais.co.th และรับทราบวิธีการเปิดเผยข้อมูลส่วนบุคคลของคุณลูกค้าหรือผู้เยาว์แก่สำนักงานคณะกรรมการส่งเสริมธุรกิจประกันภัย
พอต่อการกำกับดูแลธุรกิจประกันภัยสามารถอ่านสามารถอ่านได้แบบคำคล้องจองได้ที่เว็บไซต์ www.cuas.or.th นะคะแล้วก็คุณลูกค้ารับรองว่าข้อมูลส่วนบุคคลที่ให้ถูกต้องสมบูรณ์ได้รับความยินยอมในทางกฎหมายในการใช้และเปิดเผยรวมถึงได้แจ้งให้บุคคลอื่นรับทราบนโยบายส่วนบุคคลของเอลวิสแล้วก็รับรองว่าสำนักงานป.ป.ชเปิดเผยข้อมูลส่วนบุคคลตามวัตถุประสงค์ของ AB และสำนักงานคปภที่เกี่ยวข้องประกันภัยนะจ๊ะแล้วก็ข้อที่ 4 ค่ะพี่ยอมให้เกิดกระบวนการและเปิดเผยข้อมูลส่วนบุคคลเพื่อการวิเคราะห์ปรับปรุงผลิตภัณฑ์บริการฯลฯคุณลูกค้ายืนยันนะคะแล้วก็ข้อที่ 15 ค่ะคุณลูกค้าที่จองพระเอก MV เก็บรวบรวมใช้และเปิดเผยข้อมูลส่วนบุคคลและข้อมูลส่วนบุคคลที่มีความอ่อนไหวเพื่อสันติภาพบริการและข้อเสนอพิเศษรวมถึงโอนและเปิดเผยแก่บริษัทคู่ค้าบริษัทในเครือการวิเคราะห์ปรับปรุงผลิตภัณฑ์บริการฯลฯรวมถึงเสนอผลิตภัณฑ์บริการและข้อเสนอพิเศษและอื่นๆคุณลูกค้ายินยอม
หากในอนาคตมีความประสงค์ที่จะเปลี่ยนแปลงคนนึงเราจะสามารถแจ้งทางศูนย์บริการ 135 1 ครั้งนี้ MV ขอเรียนแจ้งให้ทราบว่าการขอความยินยอมในอนาคตอาจจะทำให้ท่านเสียสิทธิ์ในการรับข้อเสนอผลิตภัณฑ์ข้อเสนอพิเศษและข่าวสารต่างๆทั้งจาก FB แล้วก็บริษัทคู่ค้าด้วยนะคะพี่จ๋าน้องขออวยพรให้สวยวันสวยคืนนะคะแล้วก็มีความสุขในทุกๆวันเลยแล้วก็สุขภาพร่างกายแข็งแรงคิดสิ่งใดก็สมความปรารถนานะคะมีแต่ความสุขนะพี่ไม่เจ็บไม่ป่วยไม่จนนะพี่เนาะเงินเหลือกินเหลือใช้นานสวยมากเลยขอบคุณค่ะแม่ขอบพระคุณมากค่ะพี่ภาเอาที่ 11 ถนนตรงไหนตกหล่นแล้วน้องรบกวนติดต่อไปอีกทีนึงนะคะขอบคุณมากค่ะพี่สวัสดีค่ะสวัสดีจ้า","## Non-Compliance Detected:

1. **Deposit-Like Phrasing and Misrepresentation**:
   - ""ตีผลตอบแทนสูงถึงปีละ 5%... ดอกเบี้ยแบงค์อ่ะทุกธนาคารได้แค่ 0.25""
   - ""เป็นการเก็บเงินฝากประจำแต่ว่าเหรดมีหลายเรทให้เราเลือกเลย...ฝากแบงค์อ่ะลองพูดตามตรงเลยนะดอกเบี้ยไม่ถึง 70 บาทแต่พอที่ 11 มาเก็บในรูปแบบนี้ทุกปีเขากำลังตีเป็นเช็คให้เลยพี่อยู่ที่ปีละ 4000 ได้ทุกปีตั้งแต่ปีแรก""
   
   **Non-Compliance**: Implying **insurance** as a **deposit** and suggesting it behaves like a fixed deposit with guaranteed interest rates.

2. **Failing to Inform About Buying a New Policy**:
   - The conversation heavily revolves around the benefits and comparisons with bank savings but fails to explicitly inform the customer that they are purchasing a new life insurance policy.

3. **Incorrect Product Representation**:
   - ""ให้เราเลือกเลยพี่ซีเมนต์เดี๋ยวน้องหยกก็อยากไปเลทยอดนิยมนะคะคือหนึ่งไม่มีความเสี่ยง""
   - ""เก็บกันเดือนละ 3,000 คิดเห็นที่ 302 4052 เราจะมีเงินเก็บให้เป็น 380 เพ็ญจ๋าชื่อ 38000 ฝากแบงค์อ่ะลองพูดตามตรงเลยนะดอกเบี้ยไม่ถึง 70 บาทแต่พอที่ 11 มาเก็บในรูปแบบนี้ทุกปีเขากำลังตีเป็นเช็คให้เลยพี่อยู่ที่ปีละ 4000 ได้ทุกปี""
   
   **Non-Compliance**: Misleading statements like ""ไม่มีความเสี่ยง"" and failing to correctly represent the insurance product framework under the correct financial context.

4. **Overstating Benefits**:
   - Multiple instances where the benefits are overstated and compared favorably against regular bank products without mentioning the life insurance context explicitly.
      - ""ดีกว่าฝากแบงค์ฉี่แล้วก็ไม่มีความเสี่ยงแต่อย่างใดด้วย""
      - ""มันเห็นในส่วนของตัวผลตอบแทนที่ชาร์จอ่ะค่ะแล้วก็ตรงนี้ในการลดหย่อนภาษีมันก็ร้อยเปอร์เซ็นต์อีกอคติกำไรต่อกันอีกต่างหาก""

Ensuring clarity and correct information on the actual life insurance product and the customer’s awareness of what they are entering into are crucial to compliance.",977974
C29148991_ศิริเพ็ญ เสือโภชน์_02.wav,"สวัสดีค่ะพี่จ๋าน้องผู้รับผลประโยชน์ที่ต้องเป็นคนที่เกี่ยวข้องกันทางสายเลือดจะพี่รบกวนพี่เปลี่ยนผู้รับผลประโยชน์ให้หนูนิดนึงจะต้องเกี่ยวข้องกันทางสายเลือดอ่ะค่ะคุณพี่ยังไม่มีญาติเลยจ้ะพี่น้องล่ะพี่เอาให้มันเขียวอยู่เลยจ้ะพ่อแม่พี่ก็เสียหมดแล้วพี่มีพี่น้อง 2 คนหรอคะแล้วพี่ขับรถอยู่ครับพี่ปกติปกติพี่ก็ไม่มีเงินใช้ไม่ได้ทำไงเพิ่งทำนี่แหละพี่ก็ให้เจ้านายพี่
เดี๋ยวแป๊บนึงค่ะคุณพี่เดี๋ยวน้องขออนุญาตปรึกษาหัวหน้าขออนุญาตใส่เป็นระบบเป็นกองมรดกแล้วก็เดี๋ยวถ้าเกิดอะไรขึ้นก็ให้เขาสืบพันธุ์สายเลือดเองนะระบุเป็นกองมรดกไปเลยนะคะผู้รับผลประโยชน์ไม่ได้เหรอคะเพราะว่าเขาเป็นหัวหน้าคนที่ให้อ่ะไม่ใช่สายเลือดหมายความว่าตัวนี้นะว่าถ้าเกิดเป็นอะไรขึ้นมาจริงๆค่ะพี่ตัวนี้เราจะระบุเป็นเขาเรียกว่าเขาจะเป็นเข้ากองมรดกค่ะพี่เดี๋ยวเขาจะไปสืบไปสืบเรื่องสมมุติ
จะเข้าใจละอย่างนี้ค่ะคุณพี่ถ้าในอนาคตอาหารถ้าสมมุติว่าหัวหน้าที่คนที่ยกผลประโยชน์ให้อ่ะค่ะไปจดเองมีประโยชน์ว่าแบบเป็นเป็นลูกบุญธรรมหลานบนทำกันอย่างนี้ค่อยมาเปลี่ยนรับประโยชน์ได้เลยแต่ตอนเนี้ยแต่หนูใส่เป็นกรณีไปก่อนได้ไงอ่ะถ้าจบที่เป็นไรดีๆเดี๋ยวก็มีคนได้รับรู้เกี่ยวกับทางสายเลือดอ่ะแต่น้องเขาได้ระบุเป็นลมไปก่อนนะแล้วก็มาค่ะคุณพี่จ๋าน้องลืมน้องลืมถามก็คือว่าตอนนี้ญาติคุณพี่ไม่เหลือเลยสักคนถูกต้องไหมพี่ประธานถูกต้องค่ะตรงไปก่อนตรงไปก่อนแล้วก็ได้นะคะถ้าพี่ส่งรูปที่ไปจดเป็นเขาเรียกว่าลูกบุญธรรมบุตรบุญธรรมนามธรรมกับหัวหน้าติดต่อเข้ามาหาน้องได้เลยนะได้จ้ะแล้วก็สมมุติว่าสมมุติว่าภายใน 2 ปีที่พิมพ์ส่งไปอ่ะพี่ไม่พี่ไม่ถึงสิ้นปีกรุ๊ปเน็ตพี่ก็อยากได้สูตร A2
 เท่ากับว่าไอ้ที่ส่งไป 1 ปีกับ 2 ปีคุณออกมาที่พี่ฝากเข้าไปแล้วก็พร้อมทั้งดอกเบี้ยเลยจะได้คืนเท่านั้นใช่ไหมคะเขาบอกว่าต้องแล้วค่ะพี่การยกเลิกกรมธรรม์สามารถทำได้เหมือนลูกค้าชำระเบี้ยครบ 2 ปีขึ้นไปแต่ลูกค้าจะได้เงินคืนไม่ครบแต่ว่าตามจำนวนที่ชำระไปซึ่งลูกค้าอาจจะได้ตามตารางเวนคืนเงินสดในกรมธรรม์แล้วก็นับเป็นอนันพี่แล้วก็ตรงนี้นะคะอย่างที่เขาบอกอ่ะตอนนี้เราเก็บเราไม่ได้เก็บยอดเยอะถูกต้องเลยพี่ในอนาคตใครจะรู้อย่างที่หนูบอกแล้วว่าถ้าสมมุติว่าในอนาคตอาจถ้าพี่ศิริเพ็ญเกิดรวยขึ้นมาแล้วพรุ่งนี้แล้วพี่อยากเก็บเพิ่มก็คือติดต่อเข้ามาได้เลยพี่เพ็ญแต่น้องพูดตรงๆอย่างที่หนูบอกอ่ะที่หนูแนะนำเลยพี่ถ้าวันนึงที่เกิดอยากเก็บเพิ่มที่ติดต่อเข้ามาอีกอย่าให้กับน้องเลยจ้าเดี๋ยวพี่ขอถามแค่ตรงนี้พอสมมุติว่าถ้าพี่ 2 ปีแล้วพี่จะถอนคืนยอดที่ฝากซื้อจำนวนนี้พี่จะได้คืนเท่าไหร่เอาแค่นี้พอจะก็คือเดี๋ยวมันจะพอพี่
โทรมาหาหนูอีกทีนึงก็ได้มันจะเป็นในส่วนของตัวเงื่อนไขตามท้ายตารางกรมธรรม์ปีนั้นกับพี่จะดูจากหน้าในส่วนของตัวหลังกรมธรรม์ได้เลยวันที่ได้รับกรมธรรม์ค่ะเพราะว่าตัวเลขในส่วนตัวของแต่ละเล่มจะไม่เหมือนกันไม่เท่ากันค่ะพี่เพ็ญใช่ตัวเลขจะไม่เท่ากันใช่แต่วันที่ได้รับหลักฐานเป็นกรมธรรม์อภิสิทธิ์พิเศษติดต่อเข้ามาหาน้องอีกทีนึงได้เลยเราจะได้อธิบายตามตัวหนังสือให้เลยมันจะได้แบบชัดเจนเลยค่ะพี่จ๋าจะติดต่อเข้ามาเอาได้เลยมันจะมีเบอร์ด้วยค่ะพี่จะติดต่อเข้ามาได้เลยแล้วก็พี่จะได้เป็นขาเมื่อกี้น้องลืมถามอีกข้อหนึ่งคือเป็นในส่วนของตัวรายได้จากพี่รายได้ต่อเดือนของพี่อยู่ที่เท่าไหร่นะพี่แป๊บเดียวตอนนี้จะไปจากคุณพี่
อ้าวด่าเดี๋ยวรบกวนพี่เพ็ญก่อนแล้วกันถ้าไม่โอเคให้พี่ก็คงจะ 6 เดือนนี้เดือนเดียวกันนั่นแหละช่างมันเลิกไปก็อย่างที่เราแจ้งค่ะพี่ตัวนี้ถ้าคุณพี่ได้รับกรมธรรม์ที่ติดต่อเข้ามาได้เลยเดี๋ยวเราดูตัวเลขตรงท้ายกรมธรรม์กันเลยดีกว่าแล้วก็ดีก็คือเลขให้ดูเลยค่ะคุณพี่เพราะว่าตอนนั้นบอกว่าพี่สามารถเป็นเงินเก็บได้พี่จะมีเก็บเงินก้อนเล็กจะเป็นเงินก้อนใหญ่ๆไม่ได้พูดแบบนี้ทีเมื่อกี้จะบอกว่าคุณพี่สงสัยตรงไหนจะได้รับกรมธรรม์ติดต่อน้องอีกทีนึงได้เลยแล้วก็ตรงนี้เดี๋ยวโดนรบกวนถามนิดนึงค่ะพี่ว่ารายได้ต่อปีของพี่อยู่ที่ประมาณเท่าไหร่จ๊ะ","### Non-Compliant Conversation Identified

```markdown
**Non-Compliant Conversation Detected:**

Text: ""ในอนาคตใครจะรู้อย่างที่หนูบอกแล้วว่าถ้าสมมุติว่าในอนาคตอาจถ้าพี่ศิริเพ็ญเกิดรวยขึ้นมาแล้วพรุ่งนี้แล้วพี่อยากเก็บเพิ่มก็คือติดต่อเข้ามาได้เลยพี่เพ็ญแต่น้องพูดตรงๆอย่างที่หนูบอกอ่ะที่หนูแนะนำเลยพี่ถ้าวันนึงที่เกิดอยากเก็บเพิ่มที่ติดต่อเข้ามาอีกอย่าให้กับน้องเลยจ้าเดี๋ยวพี่ขอถามแค่ตรงนี้พอสมมุติว่าถ้าพี่ 2 ปีแล้วพี่จะถอนคืนยอดที่ฝากซื้อจำนวนนี้พี่จะได้คืนเท่าไหร่เอาแค่นี้พอจะก็คือเดี๋ยวมันจะพอพี่""

Highlighted Issues:
- The use of the word ""เก็บเพิ่ม"" (save more) can cause confusion, making it seem like a savings/deposit product rather than a life insurance premium payment.
- Using phrases like “ยอดที่ฝากซื้อ” (the amount that was deposited to purchase) may imply that the insurance premium is a deposit.

Text: ""พี่จะได้เป็นขาเมื่อกี้น้องลืมถามอีกข้อหนึ่งคือเป็นในส่วนของตัวรายได้จากพี่รายได้ต่อเดือนของพี่อยู่ที่เท่าไหร่นะพี่แป๊บเดียวตอนนี้จะไปจากคุณพี่""

Highlighted Issues:
- The agent is not clearly informing the customer about premium payment details such as the amount, insurance period, payment period, and obligations.
```

The conversation fails to meet compliance guidelines by creating misunderstandings about the nature of the insurance product, potentially misleading the consumer.",194420
C29148991_ศิริเพ็ญ เสือโภชน์_03.wav,"ตกค่ะคุณศิริเพ็ญครับครับผมเจ้าหน้าที่ยุทธศาสตร์นะครับติดต่อจากไทยพาณิชย์โปรเจคที่ลูกค้าสมัครโครงการไว้แล้วครับเดี๋ยวผมรบกวน 1 นาทีส่วนที่อยู่ในการจัดส่งเล่มกรมธรรม์นะครับจะเป็นเลขที่ 43/1 นะครับหมู่บ้านบ้านเอ็นเอ็นเอสเซอร์วิสถูกต้องไหมครับจะเป็นหมู่ 2 นะครับตำบลบางบ่ออำเภอบางบ่อจังหวัดสมุทรปราการรหัสไปรษณีย์ 10540 ถูกต้องตรงกันนะครับแล้วก็ตัวรายรับต่อปีของคุณลูกค้านะครับปัจจุบันอยู่ที่เท่าไหร่ต่อปีครับ 1 แสนสองแสนถึง 1 ล้านครับลูกค้าลูกค้าระบุไว้ให้นะครับสักครู่นะครับลูกค้าผู้รับผลประโยชน์ที่ลูกค้าระบุไว้ 1 ท่านนะครับจะเป็นคุณณัฐพงษ์ศรีจามรความสัมพันธ์เป็นหลานถูกต้องไหมครับคนนี้เป็นหลานโดยสายเลือดเลยครับคุณลูกค้า
ฮัลโหลครับไม่ใช่ในสายเลือดค่ะแต่ศักดิ์เป็นหลานค่ะแล้วเดี๋ยวผมต้องขออนุญาตระบุตัวผู้รับผลประโยชน์เป็นคนในสายเลือดสัก 1 ขวดก่อนก็ได้ครับลูกค้าอนาคตโทรเข้ามาเปลี่ยนแปลงได้ครับไม่มีจะไม่มีเลยสักคนเลยเหรอครับลูกค้าเดี๋ยวสักครู่นะครับ
ต่อครับงั้นเดี๋ยวผมขออนุญาตระบุผู้รับผลประโยชน์เป็นตัวเองก็คือเป็นกองทุนมรดกก่อนนะครับคุณ Siri คุณ Siri ครับและก็อนาคตถ้าเกิดว่าจะเปลี่ยนแปลงผู้รับผลประโยชน์ก็คือสามารถติดต่อเข้ามาเปลี่ยนแปลงได้นะครับผมน่าจะเป็นโครงการในรูปแบบการซื้อประกันชีวิตแบบสะสมทรัพย์ไม่ใช่การฝากเงินธนาคารนะครับตัวโครงการตัวนี้จะมีชื่อโครงการว่า swl 20/18 20 ปีคุ้มครองชีวิต 20 ปีเลยที่ลูกค้าเลือกเป็นรายเดือนนะครับเดือนละ 2000 25 บาทผลประโยชน์ที่ลูกค้าจะได้รับจากโครงการนะครับทุกสิ้นปีตั้งแต่สิ้นปีกรมทั้งสิ้นปีที่ 1 จนถึง 10 ปีที่ 19 ฉบับละ 2,500 บาทต่อปีครบปีที่ 20 จะได้รับเงินก้อน 200 บาทรวมเงินคืนตลอดโครงการอยู่ที่ 20,000 บาทอีก 500 บาทระหว่างทางนะครับคุ้มครองการเสียชีวิตทุกกรณีนะครับจ่ายทุนประกันให้ 250000 บาททุกกรณีการเสียชีวิตยกเว้นการฆาตกรรมตัวเองในปีแรกและก็ถูกผู้รับผลประโยชน์ฆาตกรรมนะครับระหว่างทางถ้าเกิดลูกค้าจำเป็นต้องใช้เงินก่อนนำเงินออกก่อนครบสัญญาสามารถทำได้ตั้งแต่คบ 2 ปีเป็นต้นไปนะครับบริษัท
ตลาดนัดขายกรมธรรม์นะปีนั้นนะครับซึ่งลูกค้าได้รับเงินไม่ครบร้อยเปอร์เซ็นต์ตามสัญญายิ่งนานยิ่งคุ้มค่ามากกว่านะครับส่วนกรมธรรม์เล่มจริงจัดส่งให้ไม่ใช่เอกสารประกอบการพิจารณานะครับลูกค้ารับและตรวจสอบผลประโยชน์อ่านไม่เข้าใจตรงไหนติดต่อที่เมืองและถ่ายกรมธรรม์ได้เลยนะครับ
แล้วจะหักทุกวันที่เท่าไหร่คะของเดือนลูกค้าสมัครมาวันที่ 20 ได้ไหมครับก็คือจะหักทุกวันที่ 20 ของเดือนนะครับแต่ถ้าเกิดว่าวันที่ 20 จะขับยังไม่เข้าไปค่ะเขาก็จะหักไปอาทิตย์ละ 2 ไปอาทิตย์ละ 1 ครั้งนะครับคุณลูกค้าลูกค้ารบกวนสำรองเงินให้เพียงพอนะครับโอเคนะครับตัวสัญญากรมธรรม์จัดส่งแล้วพี่สงสัยต้องไปติดต่อที่เบอร์แล้วถ่ายกรมธรรม์ได้เลยนะครับได้ครับช่วงนี้อากาศเปลี่ยนแปลงบ่อยดูแลสุขภาพครับอยู่สักให้บริการครับสวัสดีครับ","```markdown
ตกค่ะคุณศิริเพ็ญครับครับผมเจ้าหน้าที่ยุทธศาสตร์นะครับติดต่อจากไทยพาณิชย์โปรเจคที่ลูกค้าสมัครโครงการไว้แล้วครับเดี๋ยวผมรบกวน 1 นาทีส่วนที่อยู่ในการจัดส่งเล่มกรมธรรม์นะครับจะเป็นเลขที่ 43/1 นะครับหมู่บ้านบ้านเอ็นเอ็นเอสเซอร์วิสถูกต้องไหมครับจะเป็นหมู่ 2 นะครับตำบลบางบ่ออำเภอบางบ่อจังหวัดสมุทรปราการรหัสไปรษณีย์ 10540 ถูกต้องตรงกันนะครับแล้วก็ตัวรายรับต่อปีของคุณลูกค้านะครับปัจจุบันอยู่ที่เท่าไหร่ต่อปีครับ 1 แสนสองแสนถึง 1 ล้านครับลูกค้าลูกค้าระบุไว้ให้นะครับสักครู่นะครับลูกค้าผู้รับผลประโยชน์ที่ลูกค้าระบุไว้ 1 ท่านนะครับจะเป็นคุณณัฐพงษ์ศรีจามรความสัมพันธ์เป็นหลานถูกต้องไหมครับคนนี้เป็นหลานโดยสายเลือดเลยครับคุณลูกค้า
ฮัลโหลครับไม่ใช่ในสายเลือดค่ะแต่ศักดิ์เป็นหลานค่ะแล้วเดี๋ยวผมต้องขออนุญาตระบุตัวผู้รับผลประโยชน์เป็นคนในสายเลือดสัก 1 ขวดก่อนก็ได้ครับลูกค้าอนาคตโทรเข้ามาเปลี่ยนแปลงได้ครับไม่มีจะไม่มีเลยสักคนเลยเหรอครับลูกค้าเดี๋ยวสักครู่นะครับ
ต่อครับงั้นเดี๋ยวผมขออนุญาตระบุผู้รับผลประโยชน์เป็นตัวเองก็คือเป็นกองทุนมรดกก่อนนะครับคุณ Siri คุณ Siri ครับและก็อนาคตถ้าเกิดว่าจะเปลี่ยนแปลงผู้รับผลประโยชน์ก็คือสามารถติดต่อเข้ามาเปลี่ยนแปลงได้นะครับผมน่าจะเป็นโครงการในรูปแบบการซื้อประกันชีวิตแบบสะสมทรัพย์ไม่ใช่การฝากเงินธนาคารนะครับตัวโครงการตัวนี้จะมีชื่อโครงการว่า swl 20/18 20 ปีคุ้มครองชีวิต 20 ปีเลยที่ลูกค้าเลือกเป็นรายเดือนนะครับเดือนละ 2000 25 บาทผลประโยชน์ที่ลูกค้าจะได้รับจากโครงการนะครับทุกสิ้นปีตั้งแต่สิ้นปีกรมทั้งสิ้นปีที่ 1 จนถึง 10 ปีที่ 19 ฉบับละ 2,500 บาทต่อปีครบปีที่ 20 จะได้รับเงินก้อน 200 บาทรวมเงินคืนตลอดโครงการอยู่ที่ 20,000 บาทอีก 500 บาทระหว่างทางนะครับคุ้มครองการเสียชีวิตทุกกรณีนะครับจ่ายทุนประกันให้ 250000 บาททุกกรณีการเสียชีวิตยกเว้นการฆาตกรรมตัวเองในปีแรกและก็ถูกผู้รับผลประโยชน์ฆาตกรรมนะครับระหว่างทางถ้าเกิดลูกค้าจำเป็นต้องใช้เงินก่อนนำเงินออกก่อนครบสัญญาสามารถทำได้ตั้งแต่คบ 2 ปีเป็นต้นไปนะครับบริษัท **ตลาดนัดขายกรมธรรม์นะปีนั้นนะครับซึ่งลูกค้าได้รับเงินไม่ครบร้อยเปอร์เซ็นต์ตามสัญญายิ่งนานยิ่งคุ้มค่ามากกว่า** นะครับส่วนกรมธรรม์เล่มจริงจัดส่งให้ไม่ใช่เอกสารประกอบการพิจารณานะครับลูกค้ารับและตรวจสอบผลประโยชน์อ่านไม่เข้าใจตรงไหนติดต่อที่เมืองและถ่ายกรมธรรม์ได้เลยนะครับ
แล้วจะหักทุกวันที่เท่าไหร่คะของเดือนลูกค้าสมัครมาวันที่ 20 ได้ไหมครับก็คือจะหักทุกวันที่ 20 ของเดือนนะครับแต่ถ้าเกิดว่าวันที่ 20 จะขับยังไม่เข้าไปค่ะเขาก็จะหักไปอาทิตย์ละ 2 ไปอาทิตย์ละ 1 ครั้งนะครับคุณลูกค้าลูกค้ารบกวนสำรองเงินให้เพียงพอนะครับโอเคนะครับตัวสัญญากรมธรรม์จัดส่งแล้วพี่สงสัยต้องไปติดต่อที่เบอร์แล้วถ่ายกรมธรรม์ได้เลยนะครับได้ครับช่วงนี้อากาศเปลี่ยนแปลงบ่อยดูแลสุขภาพครับอยู่สักให้บริการครับสวัสดีครับ
```

**Non-Compliance Identified:**

1. **Content Overstatement:**
   - **Statement:** ""ตลาดนัดขายกรมธรรม์นะปีนั้นนะครับซึ่งลูกค้าได้รับเงินไม่ครบร้อยเปอร์เซ็นต์ตามสัญญายิ่งนานยิ่งคุ้มค่ามากกว่า""
   - **Issue:** The phrase implies that the value of staying longer with the policy keeps increasing, which might not be fully accurate and could be seen as an overstatement of benefits.",96754
